month,alpha,fwd_hat_Goldilocks,fwd_hat_Reflation,fwd_hat_Stagflation,fwd_hat_Recession,attract_Goldilocks,attract_Reflation,attract_Stagflation,attract_Recession,alloc_Goldilocks,alloc_Reflation,alloc_Stagflation,alloc_Recession
2000-06,3000.0,0.12208880404487504,0.10420687889278168,0.011099926399156412,0.09230819786112765,0.039662852245389846,0.021780927093296487,-0.07132602540032879,0.009882246061642452,0.513798504071282,0.2830906038736351,0.012707621331475374,0.1904032707236076
2000-07,1000.0,0.12164973330219903,0.11239324897360589,0.02027725733905217,0.08793083361213573,0.03608696499545082,0.026830480666857684,-0.06528551096769604,0.0023680653053875234,0.47765083275777925,0.3508400819068406,0.016277722546335704,0.15523136278904434
2000-08,300.0,0.11061333611092397,0.1046748019570572,0.0232236520040472,0.08026875429428094,0.030918200019346642,0.024979665865479866,-0.056471484087530124,0.0005736182027036157,0.446747439765795,0.36651603965017127,0.024264247072086728,0.162472273511947
2000-09,300.0,0.1164564186829004,0.10706687619506694,0.0200270412840468,0.08401070207721457,0.034566159123093215,0.02517661663525976,-0.061863218275760384,0.002120442517407395,0.4738163346096406,0.34648343722965097,0.019039336611383496,0.16066089154932495
2000-10,300.0,0.11785850693958078,0.10511586264763757,0.017159035393001364,0.08607862698824525,0.03630549894746454,0.02356285465552134,-0.06439397259911486,0.004525618996129022,0.4912869767788293,0.32126734321572126,0.017122260141220903,0.1703234198642285
2000-11,300.0,0.14594359450030683,0.1255974588589599,0.011007337410066393,0.10526190781097934,0.04899101985522873,0.028644884213881797,-0.08594523723501171,0.00830933316590124,0.5629568609071267,0.285716048499199,0.00626718797527519,0.14505990261839913
2000-12,300.0,0.12499675073208255,0.11575073803806746,0.021833664334501922,0.0886705593117522,0.03718382262798152,0.027937809933966426,-0.06597926376959912,0.0008576312076511716,0.4843062367656682,0.35585274373665343,0.015548246712141906,0.14429277278553654
2001-01,3000.0,0.11342360281908352,0.09374871436485735,0.00869937354997672,0.08861866336010181,0.03730101429557868,0.017626125841352508,-0.06742321497352813,0.012496074836596968,0.5032913409023827,0.26121389528143424,0.015338431883414988,0.22015633193276812
2001-02,3000.0,0.11699616902079148,0.09553548773268995,0.0070385765213885725,0.09118868302000185,0.039306439947073515,0.01784575865897199,-0.07065115255232939,0.013498953946283893,0.5160831737189969,0.25237394565519833,0.013210538186655891,0.21833234243914895
2001-03,3000.0,0.11652951719958111,0.09311234989672133,0.004958901579101913,0.09152216167916641,0.03999878461093842,0.01658161730807864,-0.07157183100954079,0.014991429090523714,0.5216774869273987,0.23900328876891802,0.012654704396891555,0.22666451990679165
2001-04,3000.0,0.10817135583636714,0.08653100331772076,0.006123926364612266,0.08625972095097117,0.03639985421894931,0.014759501700302935,-0.06564757525280557,0.014488219333553348,0.4997149999589527,0.24291044877840814,0.016650778189401656,0.24072377307323767
2001-05,3000.0,0.1057992273310555,0.08386279172642044,0.005528680309092594,0.08478307743833455,0.035805783129829724,0.01386934752519467,-0.06446476389213318,0.014789633237108774,0.4967720177768184,0.23910832309351085,0.01756274042549757,0.24655691870417318
2001-06,3000.0,0.10246478935817603,0.08022736019373082,0.004902154914733575,0.08244062942926145,0.03495605588420056,0.01271862671975535,-0.0626065785592419,0.014931895955285976,0.4930440909331118,0.23494488745468575,0.019077522111255973,0.2529334995009464
2001-07,3000.0,0.10106296863517251,0.07807288054146752,0.004055489372666915,0.08174065147068735,0.03482997113017393,0.011839883036468934,-0.06217750813233167,0.015507653965688761,0.4927867185197185,0.22900416496528783,0.019423697062545642,0.25878541945244804
2001-08,3000.0,0.09979189266429372,0.07586635279168535,0.002944280172096167,0.08095826475314727,0.0349016950689881,0.010976155196379733,-0.06194591742320946,0.016068067157841648,0.4941093188283926,0.2225693615049926,0.019579890333486834,0.26374142933312783
2001-09,3000.0,0.0957241846117281,0.07159138335318496,0.0023512329057989723,0.0781529520359484,0.033769246385063,0.009636445126519858,-0.05960370532086613,0.01619801380928329,0.4881504767186789,0.21837133901339084,0.02171909850093604,0.27175908576699426
2001-10,3000.0,0.09127680194808196,0.06648560051410914,0.0010774446015715557,0.07547333200630003,0.0326985071805663,0.007907305746593471,-0.05750085016594411,0.01689503723878437,0.4813262697614987,0.21064452024509242,0.0238051063642171,0.28422410362919154
2001-11,3000.0,0.08918562547034221,0.06342252479154444,-0.0003671516704271385,0.07473528395055103,0.032441554834839584,0.006678454156041805,-0.05711122230592977,0.017991213315048396,0.4780197850161026,0.2025288003238742,0.024156646304293306,0.29529476835572993
2001-12,3000.0,0.08723386097441777,0.060856146673546316,-0.0013538297044401626,0.07387490888933625,0.03208108926620272,0.00570337496533127,-0.056506601412655205,0.0187221371811212,0.4744032927301904,0.19692060853060148,0.024757655785782238,0.3039184429534258
2002-01,3000.0,0.08498058554068622,0.05731379329069791,-0.0030265303789422356,0.07287187501223995,0.03194565467451575,0.004278862424527449,-0.0560614612451127,0.019836944146069485,0.4719797653910918,0.18767461769524332,0.02511249633199698,0.3152331205816678
2002-02,3000.0,0.08452375123317307,0.057274376634790555,-0.002947878849606061,0.07222615343645344,0.03175465061947032,0.004505276021087801,-0.055716979463308815,0.01945705282275069,0.4714596214898166,0.1900944346928557,0.02553659336062127,0.31290935045670626
2002-03,3000.0,0.08825386151719312,0.06284848453197224,-0.0010085705565959955,0.07408926840557305,0.03220810054265752,0.006802723557436635,-0.057054331531131604,0.018043507431037442,0.47540956497111986,0.2038390628825729,0.024258383575759795,0.29649298857054757
2002-04,3000.0,0.08612737984928324,0.06280329033995652,0.0007999897574349574,0.07183329664320362,0.030736390701813658,0.007412301192486932,-0.05459099939003463,0.016442307495734033,0.4675699537155088,0.21487991148342375,0.027202330091344592,0.29034780470972293
2002-05,3000.0,0.08398446717060935,0.062148244515737396,0.0022796631544595523,0.06984427171865351,0.0294203055307444,0.007584082875872443,-0.0522844984854054,0.015280110078788559,0.4602472863979674,0.2222693279838645,0.030212944457261994,0.2872704411609061
2002-06,3000.0,0.08334503900805554,0.06069880491836355,0.001363620212364764,0.0698438393459881,0.02953221313686255,0.0068859790471705595,-0.05244920565882823,0.016031013474795117,0.4602536880827284,0.21635127581320565,0.029936062982689925,0.2934589731213761
2002-07,3000.0,0.07852010727302465,0.05621976121423311,0.0013141704556133235,0.0669001866891361,0.027781550865022847,0.005481204806231307,-0.04942438595238848,0.016161630281134293,0.44829921560700314,0.21317555600372123,0.03418987932852469,0.30433534906075094
2002-08,3000.0,0.07481907752225164,0.05271469133151875,0.001281160024520422,0.06499171249897578,0.026367417177934997,0.004263030987202106,-0.04717050031979622,0.01654005215465914,0.4375433115477374,0.20942440223002948,0.037709489819574275,0.3153227964026588
2002-09,3000.0,0.06993594853431889,0.04645554818530553,-0.0006387831157846172,0.06289003473320348,0.025275261450058067,0.0017948611010447021,-0.04529947020004544,0.018229347648942656,0.42680514754550775,0.19512640289062713,0.04060277951164095,0.33746567005222416
2002-10,3000.0,0.06829354959806032,0.04391496418168668,-0.001542666231523913,0.06313222127015314,0.02484403239346626,0.0004654469770926234,-0.04499218343611797,0.01968270406555908,0.4196146336241249,0.1861806124444382,0.040913614892157786,0.3532911390392791
2002-11,3000.0,0.06681536220297311,0.0420814467558261,-0.0019233172016360593,0.06287055335146237,0.024354350925816733,-0.0003795645213302834,-0.04438432847879244,0.020409542074305988,0.41384033387166375,0.18145657778382687,0.041854148462870736,0.36284893988163863
2002-12,3000.0,0.06919011530969786,0.042571507376704634,-0.003948238991558851,0.06514731614867914,0.025949940348817167,-0.0006686675841760595,-0.04718841395243954,0.02190714118779844,0.42140089597963565,0.1735208380944199,0.03680521268491194,0.36827305324103243
2003-01,3000.0,0.07007477022358005,0.043425642409726156,-0.004088627537664877,0.06609393516363583,0.026198340158760762,-0.0004507876550931336,-0.047965057602484165,0.022217505098816544,0.4216755408857322,0.17345737593999702,0.035592071384773535,0.3692750117894972
2003-02,1000.0,0.041892617917480016,0.01724565754417303,-0.0058095288561284,0.04884669427733214,0.016348757696765817,-0.008298202676541168,-0.0313533890768426,0.02330283405661794,0.3442904308136435,0.15139922635009906,0.0702046127578266,0.4341057300784308
2003-03,1000.0,0.04135357556111592,0.021178590111040785,-0.0023073434135389113,0.04527544600903789,0.014978508494202,-0.005196476955873136,-0.028682410480452832,0.01890037894212397,0.3468121301034257,0.17702371497745104,0.08091662112675709,0.39524753379236616
2003-04,300.0,0.0006942630961692675,-0.0014365863307029825,0.009935790577344561,0.011807608028389968,-0.004556005746630936,-0.006686855173503186,0.004685521734544357,0.006557339185589765,0.2109444500406824,0.1964811532775658,0.28704693670216436,0.3055274599795874
2003-05,300.0,0.009877604758087966,-0.00042238130780332395,0.0017504379218914118,0.023518749000527826,0.0011965021649119958,-0.009103483900979294,-0.006930664671284558,0.014837646407351857,0.24704785637807106,0.17525625191018213,0.18842056404595023,0.3892753276657967
2003-06,300.0,0.010949808761950772,-0.0005977351942002967,0.000642741595532743,0.024324626086242515,0.0021199484495693383,-0.00942759550658173,-0.00818711871684869,0.015494765773861082,0.25306700819819905,0.17221370496744304,0.17948388067649684,0.39523540615786107
2003-07,100.0,-0.05981761852028762,-0.021151060017038315,0.04728888433842432,-0.035510780522988394,-0.04251997483981512,-0.003853416336565812,0.06458652801889682,-0.01821313684251589,0.023584097829950777,0.08558054228798868,0.837808392780326,0.053026967101734566
2003-08,100.0,-0.022816053504314315,0.004427570138011733,0.03741136006000054,-0.00743039623794732,-0.025714173618251974,0.0015294500240740742,0.03451323994606288,-0.010328516351884979,0.07939663341416622,0.19687652490642463,0.5911302717995645,0.1325965698798447
2003-09,100.0,0.02524966569584279,0.045623935420253,0.03286711292720382,0.022845498170176372,-0.006396887357526207,0.013977382366884006,0.00122055987383482,-0.008801054883192626,0.1928924628959095,0.3804197204572047,0.24865036529246728,0.17803745135441837
2003-10,100.0,0.028554443140886537,0.04291411954165761,0.026410048940524858,0.025841467004751588,-0.0023755765160686088,0.011984099884702462,-0.004519970716430288,-0.005088552652203558,0.22429295951570036,0.3619872290601813,0.20882012712919337,0.204899684294925
2003-11,100.0,0.059072607395603424,0.0723886754598976,0.025263478427811365,0.04263729261105108,0.00923209392201256,0.02254816198630674,-0.0245770350457795,-0.007203220862539786,0.2889392978844911,0.4503772476185195,0.09362015191386784,0.16706330258312171
2003-12,100.0,0.07039534345388412,0.09177606938412707,0.03440164819358,0.04470379858753914,0.010076128549101546,0.03145685447934449,-0.02591756671120258,-0.01561541631724344,0.2655743420614744,0.5416313877099738,0.08000626685085528,0.11278800337769654
2004-01,100.0,0.07092522750551304,0.09808549870127801,0.04014141040831967,0.04067809651882681,0.008467669222028656,0.03562794041779363,-0.022316147875164713,-0.021779461764657573,0.23832039158567075,0.5893135144897714,0.08541218011647056,0.08695391380808733
2004-02,100.0,0.08120293602594024,0.09492633160596786,0.027935782161984404,0.051700301416513134,0.017261598223338823,0.030984993803366445,-0.03600555564061701,-0.012241036386088283,0.3201587879277303,0.5058618479944066,0.05423059808846081,0.11974876598940233
2004-03,300.0,0.09555217899047999,0.08683103484282784,0.0070766020004346805,0.07124230206458682,0.030376649515897663,0.02165550536824551,-0.058098927474147646,0.006066772590004488,0.44546796432342023,0.33309260017129716,0.023334651278952543,0.19810478422633018
2004-04,300.0,0.08664661637050743,0.07906351472992318,0.00827746251234265,0.06741234318025914,0.026296632172249326,0.01871353053166508,-0.052072521685915446,0.007062358982001041,0.42075109952697193,0.3267748467309863,0.030868502199327217,0.22160555154271472
2004-05,300.0,0.09267527129538113,0.08816720292824737,0.01204255095799561,0.07038829310137713,0.026856941724630823,0.022348873357497065,-0.05377577861275469,0.0045699635306268305,0.41593142070860706,0.3578992230938506,0.028297205325561462,0.19787215087198082
2004-06,100.0,0.10917075974750114,0.11421526080721162,0.019544738766641253,0.07358767157901142,0.030041152022409784,0.03508565308212026,-0.059584868958450096,-0.005541936146079937,0.3938659553707062,0.4659883677667991,0.019855411783826923,0.12029026507866777
2004-07,300.0,0.08631107305351735,0.08441162564233472,0.013270525801274323,0.06322879091788935,0.024505569199763412,0.022606121788580784,-0.04853497805247961,0.0014232870641354214,0.4016774388402687,0.37703365796338967,0.035197127254248714,0.18609177594209297
2004-08,300.0,0.0771364501056536,0.0799748875175247,0.016897480404552103,0.053644453952265,0.020223132110654754,0.023061569522525846,-0.040015837590446746,-0.0032688640427338544,0.37167825347859507,0.40856178462470805,0.04990209138067161,0.1698578705160253
2004-09,300.0,0.07388324581031748,0.06989007747384418,0.010158886801881727,0.054713575693578584,0.021721799365411992,0.017728631028938693,-0.04200255964302376,0.002552129248673096,0.39639541578802284,0.3469937008325394,0.04738316218823726,0.20922772119120045
2004-10,300.0,0.07479703020293454,0.07320914975707558,0.0125957087909984,0.054179829821627445,0.02110160055977555,0.01951372011391659,-0.0410997208521606,0.00048440017846845124,0.3880225708758777,0.3680188508881636,0.04879784391893272,0.19516073431702588
2004-11,300.0,0.07705225437696099,0.07740301623943431,0.01491199569131787,0.054430944847610165,0.021102701588130157,0.021453463450603477,-0.041037557097512965,-0.001518607941220669,0.38340065854666044,0.3879097115455023,0.04831483189403718,0.18037479801380019
2004-12,300.0,0.06985376620945254,0.07042071859154944,0.015918301302239656,0.049061856243596616,0.018540105622742983,0.01910705800483989,-0.03539535928446989,-0.002251804343112937,0.37247072808955084,0.3795767685921722,0.06170158517173137,0.18625091814654574
2005-01,300.0,0.07405338897957225,0.0654906167040376,0.007338049164958433,0.05622874531505882,0.02327568893866548,0.01471291666313082,-0.04343965087594834,0.00545104527415205,0.41460823126814694,0.3116585853118713,0.04485743694070693,0.22887574647927478
2005-02,300.0,0.07863048944524395,0.06697367268148373,0.005115201839801683,0.06148486323644025,0.02557943264450155,0.013922615880741326,-0.047935854960940716,0.008433806435697848,0.4293784546129938,0.2911324009648657,0.03703373010306336,0.24245541431907713
2005-03,300.0,0.09411143601259206,0.07952997714885209,0.004035246191475118,0.07348829300463755,0.031320197923202855,0.01673873905946288,-0.058755991897914084,0.010697054915248347,0.4613449689239636,0.28375109847229035,0.022910754018953962,0.23199317858479201
2005-04,300.0,0.08495301955751472,0.08219922858788321,0.013763186531975932,0.062091580120465395,0.024201265858054904,0.0214474748884234,-0.04698856716748388,0.00133982642100558,0.40449723202355503,0.369020375692999,0.03769963675767713,0.18878275552576887
2005-05,1000.0,0.0811163923519206,0.07019841766635324,0.008518000175551552,0.06409815538764821,0.0251336509565522,0.014215676270984835,-0.04746474121981685,0.008115413992279809,0.42536297600511785,0.29560094208379656,0.03782599103013123,0.24121009088095435
2005-06,1000.0,0.07497610267914677,0.06030832798007477,0.004831823287225786,0.06222164107968218,0.024391628922614393,0.009723854223542397,-0.04575265046930659,0.011637167323149802,0.423107759594214,0.2594855648078858,0.040832741650472494,0.2765739339474277
2005-07,1000.0,0.0784432115234112,0.06599994198276646,0.007522372770975213,0.06445796863221065,0.02433733779607033,0.011894068255425584,-0.04658350095636566,0.010352094904869776,0.41982819342277583,0.2772916701253287,0.0394809235004812,0.26339921295141433
2005-08,1000.0,0.08158752112680197,0.07011611819760047,0.008481060575227514,0.06616609957655845,0.024999821257754865,0.013528418328553365,-0.048106639293819586,0.009578399707511343,0.4223438865554363,0.2881380719075847,0.0369268105670583,0.25259123096992064
2005-09,3000.0,0.08814476450851998,0.07182722815819706,0.005161524497390541,0.07204614794614336,0.028849848230957244,0.012532311880634327,-0.054133391780172194,0.01275123166858063,0.44881351557036175,0.2605225939167575,0.028233224784884426,0.26243066572799634
2005-10,3000.0,0.08671573728497832,0.07040085286080969,0.005055958168657094,0.0712104090381423,0.028369997946831475,0.012055113522662843,-0.05328978116948975,0.012864669699995453,0.44589823676844753,0.25885324422659284,0.029314964519435955,0.26593355448552364
2005-11,3000.0,0.08571783639584152,0.06859140203632201,0.0046058957678957475,0.07114784377679258,0.028202091901628548,0.01107565754210904,-0.052909848726317224,0.013632099282579607,0.4449844418346394,0.2514283791087932,0.029794027832478514,0.273793151224089
2005-12,3000.0,0.08631884100951646,0.06842516504084185,0.004036290953532041,0.07198310864358164,0.028627989597648465,0.010734313628973854,-0.053654560458335956,0.014292257231713637,0.4473745552609802,0.24639607677551514,0.028807751678945306,0.2774216162845593
2006-01,3000.0,0.08760835881007188,0.07049304802722649,0.005001152570060345,0.07232123839952653,0.02875240935835057,0.011637098575505177,-0.05385479688166096,0.013465288947805222,0.44849280966784094,0.2535046814163583,0.02856891127056158,0.2694335976452392
2006-02,3000.0,0.08542088261757272,0.0692717725940309,0.006028899077636863,0.0703729548353514,0.027647255336424745,0.01149814531288293,-0.051744728203511114,0.012599327554203427,0.4424375232265928,0.2582674295139649,0.03137149922373107,0.2679235480357113
2006-03,3000.0,0.08326578326495283,0.06695069158543024,0.005806209985384569,0.0692372948288724,0.026950788348792817,0.010635696669270223,-0.050508784930775444,0.01292229991271239,0.43809029628299323,0.2543188146443318,0.03313000174691417,0.2744608873257608
2006-04,3000.0,0.08537669700129173,0.06853735156460707,0.00581332085978402,0.07097251426030253,0.02770172607979539,0.010862380643110722,-0.051861650061712325,0.013297543338806186,0.4425445226750741,0.2524541280305861,0.031200325815054254,0.2738010234792857
2006-05,3000.0,0.08691636815095215,0.07080183860985513,0.006334626311315143,0.07161996764121288,0.027998167972618324,0.011883638431521307,-0.05258357386701868,0.012701767462879057,0.4438275122246685,0.25937762625865796,0.03024642330546344,0.26654843821121027
2006-06,3000.0,0.08726325924414607,0.07288166423395495,0.008229385741345224,0.07097373816471968,0.027426247398104592,0.013044652387913469,-0.051607626104696255,0.011136726318678195,0.4401539089328943,0.2725270726761028,0.03158435833621577,0.2557346600547871
2006-07,3000.0,0.08588221139820189,0.07167766045806898,0.00857885225977937,0.06986334053910832,0.02688169523441225,0.012677144294279338,-0.05042166390401027,0.010862824375318686,0.43761306752059054,0.2725576308545566,0.03326668595661941,0.2565626156682336
2006-08,3000.0,0.08544546225566575,0.06904533551462394,0.0068083865282325,0.07056697640483078,0.02747892207982751,0.011078795338785696,-0.051158153647605745,0.01260043622899254,0.4423645326719246,0.25607321133062777,0.03216562768290282,0.2693966283145449
2006-09,1000.0,0.08245541420629075,0.06718820784688948,0.009587872953160744,0.06796127696064092,0.025657221214545285,0.010390014855144007,-0.047210320038584726,0.011163083968895447,0.4336270420009989,0.2606759162994801,0.03821647757154191,0.2674805641279792
2006-10,300.0,0.0756680505380888,0.052516824996304896,0.003941243952378454,0.0692397804941015,0.025326575542870378,0.0021753500010864776,-0.04640023104283997,0.018898305498883078,0.42356785065236563,0.19578286181972349,0.03877672371869435,0.3418725638092165
2006-11,300.0,0.0682879911685552,0.04699980647400918,0.004989567653516646,0.06469825438080795,0.02204408624933296,0.0007559015547869349,-0.0412543372657056,0.01845434946158571,0.39995102768428464,0.19671106015073295,0.04849179742207743,0.35484611474290484
2006-12,300.0,0.06591758635164113,0.04147503395529489,0.002366843627094248,0.06370756944956424,0.022550828005742506,-0.0018917243906037343,-0.04099991471880438,0.02034081110366561,0.4012907310174856,0.1776711612591193,0.04824673170458021,0.3727913760188149
2007-01,300.0,0.06190278166274844,0.04198900073797006,0.006801635798907207,0.05935810789251143,0.01938990013971416,-0.0005238807850642263,-0.03571124572412708,0.016845226369477148,0.385666805269333,0.198577827310784,0.061452771443363696,0.35430259597651936
2007-02,300.0,0.06309761428456798,0.04360059517637035,0.005378493161050324,0.060384754760070825,0.019982249939053107,0.00048523083085547786,-0.037736871184464546,0.017269390414555955,0.38734720339429507,0.20223306517009423,0.05656275632105481,0.3538569751145559
2007-03,100.0,0.042406897498559026,0.038285067112452484,0.020796575526030814,0.04205121094766598,0.006521959727381954,0.0024001293412754116,-0.015088362245146258,0.006166273176488907,0.2988263563115299,0.2604649518672968,0.14540436580506294,0.2953043260161103
2007-04,100.0,0.0337204515760495,0.04826439608764538,0.03720927179714758,0.027395209068621452,-0.0029268805563164788,0.011617063955279401,0.0005619396647816022,-0.009252123063744525,0.21943896633222865,0.3563353516707938,0.24650151598588865,0.17772416601108898
2007-05,100.0,0.034486978264189325,0.049915642069310054,0.035976921677704124,0.02958000667151644,-0.003002908906490659,0.01242575489863007,-0.0015129654929758596,-0.007909880499163545,0.21869979161793768,0.3657641652102086,0.22983571137276124,0.1857003317990925
2007-06,100.0,0.055802229196098764,0.060720901501621016,0.029437782839244215,0.04489685577365568,0.008087786868443844,0.013006459173966096,-0.018276659488410705,-0.0028175865539992392,0.3040745672269214,0.35824915276414526,0.12627449633334542,0.21140178367558793
2007-07,100.0,0.08035141593980151,0.0809109879425672,0.023088878890437203,0.06298424945602617,0.018517532882593488,0.019077104885359172,-0.03874500416677082,0.001150366398818145,0.36662208785452544,0.37352464421893355,0.05435737773069393,0.20549589019584705
2007-08,100.0,0.07434020008341441,0.08148728037956622,0.027735361664163263,0.05793308515392446,0.013966218263147326,0.021113298559299137,-0.03263862015610382,-0.002440896666342625,0.3268769564003963,0.41480968713718497,0.06913694210889121,0.18917641435352747
2007-09,100.0,0.061021079646864235,0.062074396267004506,0.020604857600239904,0.05221202872002258,0.01204298908833143,0.0130963057084717,-0.0283732329582929,0.0032339381614897716,0.32881238472781193,0.340562234559267,0.08547978603653526,0.24514559467638583
2007-10,100.0,0.0737820446047563,0.07644751942901798,0.02138218801105139,0.05760575025568537,0.016477669029628543,0.019143143853890217,-0.03592218756407638,0.00030137468055761035,0.3508181454304685,0.38341469033447517,0.061166894190787066,0.20460027004426912
2007-11,100.0,0.06695943577380387,0.08048254876690589,0.029788632576705706,0.046496359054924705,0.011027691730718825,0.024550804723820846,-0.026143111466379335,-0.009435384988160336,0.2971997975659801,0.4664613028746166,0.08608867403477515,0.15025022552462816
2007-12,100.0,0.06213183706159431,0.08115262308887465,0.033588263422425574,0.0396044097368341,0.008012553734162146,0.02703333976144249,-0.020531019905006588,-0.014514873590598061,0.2671439599874156,0.5036159078769393,0.10316557630232315,0.12607455583332197
2008-01,300.0,0.0587985565411428,0.06151888153060653,0.017220236897953635,0.04479418724794032,0.01321559098673198,0.01593591597619571,-0.028362728656457184,-0.0007887783064704987,0.33647361840933804,0.36841029372121004,0.08414788258509626,0.21096820528435578
2008-02,300.0,0.05640812507367893,0.06270001020544466,0.01896094600543695,0.04129672153277626,0.011566674369344734,0.01785855950111047,-0.025880504698897244,-0.003544729171557931,0.32003721602442814,0.3947161083637586,0.09185378201740231,0.19339289359441103
2008-03,300.0,0.04179607454889593,0.05247584598048008,0.02070608648567315,0.030775357884062528,0.005357733324118007,0.016037504755702155,-0.015732254739104775,-0.005662983340715397,0.2766055196668617,0.39488111917799873,0.13694683329063723,0.19156652786450232
2008-04,300.0,0.021107201686469054,0.029481230055649316,0.017537395917710547,0.020973465653588444,-0.0011676216418852851,0.007206406727294976,-0.004737427410643792,-0.0013013576747658955,0.23779231054832056,0.3143578312111623,0.21111523510072283,0.2367346231397944
2008-05,300.0,0.002633872343413071,0.011424639421514692,0.017469943681062805,0.011825019090615403,-0.008204496290738422,0.0005862707873631988,0.006631575046911312,0.0009866504564639104,0.18731149021479873,0.2510867566464511,0.3071415343855294,0.2544602187532207
2008-06,300.0,0.010427858803433776,0.008707698710209981,0.00754350996252668,0.01941335566400692,-0.001095246981610563,-0.002815407074834358,-0.003979595822517659,0.00789024987896258,0.2379925078486234,0.22473018925562224,0.21617628999320251,0.32110101290255183
2008-07,300.0,0.004747744477701571,0.01321928766785209,0.017569682862701285,0.011707610183340253,-0.0070633368201972295,0.0014082063699532889,0.005758601564802485,-0.00010347111455854749,0.19528710802965857,0.259007131895365,0.29942643781955525,0.2462793222554212
2008-08,100.0,-0.04947591790795722,-0.022161191660118748,0.032991146285452855,-0.03089863485501855,-0.0320897683735468,-0.004775042125708333,0.05037729581986327,-0.013512485320608135,0.04769051265953626,0.11853678768700623,0.7451865739555844,0.08858612569787319
2008-09,100.0,-0.019427903881993627,-0.004401523916387581,0.019914724705458225,-0.012206768515336891,-0.01539753597992866,-0.00037115601432261263,0.023945092607523193,-0.008176400613271923,0.1309970359149527,0.21616759909067426,0.48618813072650385,0.16664723426786926
2008-10,100.0,-0.021600878973994098,-0.004273396380047673,0.022767901882509805,-0.02087595588346003,-0.0156052966352461,0.001722185958700326,0.028763484221257803,-0.014880373544712031,0.12203215716868814,0.21742790981974403,0.5355230619898107,0.1250168710217571
2008-11,100.0,-0.05941312295109211,-0.048699765848397164,0.011954541582058675,-0.03566622293948646,-0.02645698041186284,-0.015743623309167898,0.044910684121287944,-0.002710080400257192,0.06481174316031056,0.09262867064922542,0.6995301949530701,0.14302939123739383
2008-12,100.0,-0.13695546802723002,-0.11596719635836936,0.018077961152406084,-0.0781936848108923,-0.058695871016208614,-0.03770759934734795,0.09633755816342748,6.591220012910903e-05,0.005387113531986845,0.010844074201919426,0.9455726202245962,0.03819619204149772
2009-01,100.0,-0.1773620570476987,-0.17181937659692514,-0.0014582143000013096,-0.09359677083927878,-0.0663029523517227,-0.06076027190094915,0.10960089039597468,0.01746233385669721,0.0026993491845332313,0.0032471143714018053,0.9500096344909507,0.044043901953114264
2009-02,100.0,-0.1571452763609133,-0.1663841403731517,-0.018883547024415165,-0.07297939022128003,-0.05329718786597325,-0.06253605187821164,0.08496454147052489,0.030868698273660025,0.008429797050144629,0.006195421572853504,0.8459810909424936,0.13939369043450814
2009-03,100.0,-0.1446926009046177,-0.1996490299076047,-0.06949979748308753,-0.05021604312125108,-0.028678233050477453,-0.08363466205346445,0.04651457037105271,0.06579832473288916,0.02721903957745875,0.00435809809795754,0.3337337413962209,0.6346891209283629
2009-04,100.0,-0.14033950843624537,-0.21085914566188307,-0.08741511490630009,-0.03285352234164447,-0.02247268559972712,-0.09299232282536482,0.03045170793021816,0.08501330049487378,0.023305457629532792,0.0022211675742646107,0.13602436405696153,0.838449010739241
2009-05,100.0,-0.07829196939086865,-0.11982674344698394,-0.05765637925853856,0.0009680512863636803,-0.014590209188361777,-0.05612498324447707,0.006045380943968309,0.06466981148887055,0.05786649169558993,0.014492713723791047,0.1151218916318941,0.812518902948725
2009-06,100.0,-0.022695892622482144,-0.028040539974050066,-0.010958630653292136,0.02003665356596976,-0.012281290201518497,-0.017625937553086418,-0.0005440282323284883,0.030451255986933407,0.13384965834025964,0.11200710487726899,0.1979390753407566,0.5562041614417148
2009-07,100.0,0.056443311201989574,0.07098281326772718,0.012117868641590899,0.06046473446425394,0.006441129308099182,0.020980631373836788,-0.03788431325229949,0.010462552570363548,0.25029672972729033,0.40638346210539,0.05711874696633003,0.2862010612009897
2009-08,100.0,0.134450080006381,0.15457761071461745,0.017966674018450264,0.10367395614446381,0.03178299978540289,0.051910530493639334,-0.08470040620252786,0.001006875923485695,0.2998402586374995,0.5864969993656115,0.006174757818303777,0.10748798417858522
2009-09,300.0,0.1351670122225844,0.13879655358106613,0.004243344268634614,0.09885401360044427,0.04090178130440204,0.044531322662883774,-0.09002188664954774,0.004588782682261913,0.4099366041241525,0.46265759071905915,0.005216779505459946,0.12218902565132841
2009-10,300.0,0.14702132063405077,0.15665396666366566,0.008936364838743693,0.10287364095039954,0.04314999736233585,0.05278264339195074,-0.09493495843297123,-0.0009976823213153768,0.3819401973166556,0.526553134026809,0.0038283434306045474,0.08767832522593091
2009-11,1000.0,0.09110727586513931,0.0868177533321906,0.0014037543112056087,0.0702419721389741,0.028714586953261907,0.024425064420313204,-0.06098893460067179,0.007849283227096694,0.41392967382067375,0.35878093917778087,0.020813018997910302,0.20647636800363503
2009-12,1000.0,0.08668764533472192,0.06969920599304391,-0.009363575972330928,0.07159502228926755,0.032033070923546306,0.015044631581868292,-0.06401815038350654,0.01694044787809193,0.45187814982812324,0.256500663685025,0.01838812703608795,0.27323305945076376
2010-01,1000.0,0.0857243276161417,0.06523343489856226,-0.012051721835470477,0.07163518526099404,0.03308902113108482,0.012598128413505383,-0.06468702832052735,0.01899987877593716,0.46109893690789755,0.23289387469655862,0.01771498665970645,0.28829220173583747
2010-02,1000.0,0.0824584033947123,0.06086864966635563,-0.011102081685575492,0.07000709735352671,0.03190038621245751,0.010310632484100836,-0.06166009886783028,0.01944908017127192,0.4563198265077419,0.22219057953513247,0.02017634949886104,0.30131324445826463
2010-03,1000.0,0.08657826965660528,0.06656157904794954,-0.008313723868393293,0.07192697663365526,0.03238999428915108,0.012373303680495343,-0.0625019992358475,0.017738701266201057,0.46103148813314776,0.23656980533316985,0.019499715852701723,0.2828989906809807
2010-04,1000.0,0.08986199421625173,0.06907673057420684,-0.008451207314891842,0.07366723769707392,0.03382330542309157,0.013038041781046679,-0.064489896108052,0.017628548903913764,0.4715335319782869,0.2358386997718381,0.017794394634028106,0.2748333736158468
2010-05,1000.0,0.08032643716117666,0.07200061628323946,0.001187317325397138,0.06218393696423813,0.02640186022766381,0.018076039349726618,-0.052737259608115705,0.008259360030725284,0.4209866874386582,0.3189625983306893,0.030103172073499555,0.22994754215715285
2010-06,1000.0,0.07360433176901914,0.06880171979728883,0.0036255149639350445,0.05618233294016205,0.023050856901417865,0.01824824492968756,-0.04692795990366622,0.005628858072560777,0.39862903326752813,0.3396596807969681,0.03868314658379668,0.223028139351707
2010-07,1000.0,0.07653273030291059,0.07195799414944007,0.005410293418229635,0.05815510528595719,0.02351869951377622,0.018943963360305696,-0.04760373737090474,0.0051410744968228145,0.4009745205849661,0.3442632686404316,0.037455366200958046,0.21730684457364427
2010-08,1000.0,0.06946391887621402,0.06323154074402253,0.0026403507247475862,0.05398561912348496,0.022133561509096747,0.015901183376905256,-0.04469000664236968,0.006655261756367686,0.3972741637436239,0.32275085969382494,0.04282724045660033,0.2371477361059509
2010-09,1000.0,0.06802976613303462,0.06090750897346932,0.002388253974225383,0.05409867502192257,0.02167371510737165,0.014551457947806351,-0.043967797051437586,0.0077426239962596,0.39536079076299624,0.31180879716756643,0.04433384305875327,0.2484965690106841
2010-10,1000.0,0.06828623475498577,0.06107989667899507,0.0030634208111895043,0.054549699460598046,0.02154142182854367,0.01433508375255297,-0.0436813921152526,0.007804886534155946,0.39482099496562323,0.3105115863093627,0.04489555027167742,0.24977186845333665
2010-11,1000.0,0.07109300539260532,0.06409186246334003,0.00342752739145822,0.05644877189249282,0.02232771360763123,0.015326570678365938,-0.045337764393515875,0.007683480107518723,0.39833573703886205,0.3154258968482832,0.04175333284422444,0.24448503326863036
2010-12,1000.0,0.08063866805023291,0.07460237160560644,0.003825399266105571,0.06327483812947193,0.0250533487873787,0.01901705234275223,-0.05175991999674864,0.007689518866617721,0.40723490809035934,0.33301259337617256,0.031467268044837446,0.22828523048863072
2011-01,1000.0,0.07767053514865177,0.06656282193642994,-0.0009258579521208719,0.0633455965709982,0.02600726122266201,0.014899548010440182,-0.05258913187811063,0.011682322645008437,0.4195155384990473,0.2896992913639802,0.03054560447980055,0.26023956565717193
2011-02,1000.0,0.07764452287011725,0.06798084580590127,0.0005188772631357166,0.06303451072422041,0.025349833704273586,0.01568615664005761,-0.05177581190270795,0.010739821558376744,0.413985026692996,0.2999774295389761,0.03165749572162713,0.2543800480464008
2011-03,1000.0,0.06991071657994602,0.05922564256249761,-0.0007099415834588476,0.058142451579676575,0.02326849929528068,0.012583425277832273,-0.04735215886812419,0.011500234295011236,0.4047176310058063,0.28344567511494223,0.03844265605239774,0.27339403782685373
2011-04,1000.0,0.0629846837026052,0.05201442661242731,-0.0010596979418646818,0.05391054552723251,0.021022194227505106,0.010051937137327223,-0.04302218741696477,0.011948056052132422,0.39200551530518235,0.27194522654143505,0.04636121322896582,0.2896880449244168
2011-05,1000.0,0.06071477232549017,0.04723102385028302,-0.0037902375851588117,0.05336430092525042,0.021334807446523975,0.007851058971316827,-0.04317020246412501,0.013984336046284226,0.3941460473874538,0.251454796237505,0.045904103880928956,0.3084950524941123
2011-06,3000.0,0.06933465908951722,0.05447064393736427,-0.0008211696181530223,0.05964505554571538,0.023677361850906256,0.008813346698753305,-0.04647846685676399,0.013987758307104414,0.4115668061028322,0.2507619751327011,0.039703674143661556,0.29796754462080505
2011-07,3000.0,0.06911480870231886,0.05434731756285377,-0.0019013768782483254,0.059406109467672163,0.02387309398866974,0.009105602849204655,-0.04714309159189744,0.01416439475402305,0.41177432266690867,0.25169693732462906,0.038600655289469314,0.297928084718993
2011-08,3000.0,0.06748298450282783,0.0544304537587989,-0.001399788280418497,0.05780847928505844,0.022902452186261163,0.009849921442232235,-0.04598032059698517,0.01322794696849177,0.4044964922992315,0.26179420202031395,0.04071312974806111,0.2929961759323935
2011-09,3000.0,0.06474398030684236,0.053401896251198275,-0.0011671681278526335,0.05520695219095457,0.02169756515155672,0.010355481095912632,-0.04421358328313828,0.012160537035668925,0.3961981485977908,0.2714681965772618,0.044030218408332523,0.28830343641661477
2011-10,3000.0,0.06427360546561653,0.051684687398832245,-0.0015047657180406759,0.0558299945326103,0.02170272504586193,0.009113806979077647,-0.04407564613779527,0.0132591141128557,0.39625928120891923,0.26045709504350356,0.04423234791710979,0.2990512758304674
2011-11,3000.0,0.06447300269155523,0.050924624156297005,-0.0022115491541988153,0.056123452326039845,0.022145620186631916,0.00859724165137369,-0.04453893165912213,0.01379606982111653,0.3996866546170642,0.2544408159925796,0.04328743818870381,0.3025850912016524
2011-12,3000.0,0.0634465472016385,0.0496087499601399,-0.0019593237477030143,0.05537221479053846,0.021829500150485043,0.007991702908986438,-0.04357637079885648,0.013755167739384996,0.3987970512482393,0.2514370690965375,0.04507180774819904,0.30469407190702413
2012-01,3000.0,0.06528468005971957,0.05028972818501622,-0.00226287276922038,0.056948139572403,0.02271976129773997,0.007724809423036619,-0.044827791531199986,0.014383220810423397,0.4049814049684117,0.24567497518411477,0.04261712032465487,0.3067264995228186
2012-02,3000.0,0.06613002038528434,0.05052647876821933,-0.0023135534317494343,0.057576782975429425,0.023150088210988427,0.007546546593923412,-0.04529348560604535,0.014596850801133508,0.4084101077908011,0.2427795383166463,0.041713272984485114,0.3070970809080676
2012-03,3000.0,0.07201873224433014,0.056627656604527496,-0.0013464385845772314,0.061355515094489756,0.024854865904637598,0.009463790264834952,-0.048510304924269776,0.014191648754797212,0.4190724552757226,0.2508883387465372,0.03632615971247875,0.2937130462652613
2012-04,3000.0,0.07330017649444671,0.05995500480243566,0.000504145705917311,0.06115457224618433,0.024571701682200714,0.011226529990189658,-0.04822432910632869,0.012426097433938327,0.41730228174665474,0.26746047517476107,0.03686551258942039,0.2783717304891638
2012-05,3000.0,0.07665344537290457,0.06433467224760232,0.0009835824271992642,0.06264636763013269,0.025498928453444855,0.01318015532814261,-0.05017093449226045,0.011491850710672977,0.4218610599674586,0.2797930568396272,0.0338638222132915,0.2644820609796228
2012-06,3000.0,0.07634944792391964,0.0634013935615877,0.0009342674154846325,0.06267528418243463,0.025509349653062993,0.01256129529073105,-0.04990583085537201,0.011835185911577992,0.4229470947499292,0.274690576449596,0.034240451907854096,0.26812187689262085
2012-07,3000.0,0.07636441798727006,0.06324021806258522,0.000515835127742546,0.06270931458687498,0.025656971546151854,0.012532771621467008,-0.05019161131337566,0.012001868145756774,0.4237644636512987,0.27361019837052236,0.03381456731543261,0.2688107706627463
2012-08,3000.0,0.08002474627091691,0.06649231620991716,0.00021485818118162033,0.06559311205171833,0.026943488092483404,0.01341105803148366,-0.05286639999725188,0.01251185387328483,0.4301083294109975,0.2739528753405669,0.030075398224800987,0.26586339702363454
2012-09,3000.0,0.07994802960119052,0.06409329568047266,-0.0019192308854582866,0.06661666655355093,0.027763339363751555,0.011908605443033696,-0.05410392112289725,0.014431976316111969,0.4355387851565584,0.25674739958258413,0.028436546553259518,0.279277268707598
2012-10,3000.0,0.08028984964254823,0.06321468080067041,-0.002803377631822374,0.06703349416936714,0.028356187897357374,0.011281019055479555,-0.054737039377013234,0.015099832424176285,0.44023819395046965,0.2491720534582534,0.02759243629392531,0.28299731629735164
2012-11,3000.0,0.07986261557962492,0.06130410501200125,-0.003844212734729473,0.06736375564768324,0.028691049703479937,0.010132539135856274,-0.05501577861087445,0.01619218977153826,0.4426028550167338,0.23842525362898312,0.027179017704069653,0.2917928736502134
2012-12,3000.0,0.08045399097843212,0.06269000766314597,-0.0031134164043119536,0.06746353697960451,0.02858046117421445,0.010816477858928308,-0.05498694620852962,0.015590007175386847,0.4418151052820155,0.24438838547021846,0.027257023598357653,0.28653948564940834
2013-01,3000.0,0.08104051493629506,0.06348292045689209,-0.003126343578379798,0.06788576640269402,0.02871980038191972,0.01116220590251675,-0.05544705813275514,0.015565051848318676,0.44199945378419225,0.24617815890026795,0.02672893524915374,0.2850934520663861
2013-02,3000.0,0.08256291951053032,0.06426124885256501,-0.0038115519301805843,0.06895831706226423,0.02957018613673558,0.011268515478770266,-0.05680428530397533,0.01596558368846948,0.4474449232282476,0.24310604928681626,0.025138597286707295,0.2843104301982289
2013-03,3000.0,0.08081793649623527,0.06277422434606765,-0.00344733099828851,0.0675836529980801,0.028885815785711644,0.010842103635544026,-0.05537945170881214,0.015651532287556474,0.44413095845350625,0.2433893437404237,0.026769875869530644,0.28570982193653927
2013-04,3000.0,0.08279195350596487,0.06688718617930452,-0.0012767139265666802,0.06782628281242217,0.028734776363183646,0.012830009036523295,-0.055333891069347906,0.01376910566964095,0.4431823418246298,0.2608178787774205,0.02688833038417199,0.2691114490137778
2013-05,3000.0,0.08636988903715642,0.07152150936311683,3.624296105386813e-05,0.06984642948872555,0.029426371324643256,0.01457799165060366,-0.0569072747514593,0.012902911776212382,0.44595838172381014,0.2718579382497518,0.02508919889486799,0.25709448113157013
2013-06,3000.0,0.0898671956536876,0.07375712768874146,-0.0008730577069138319,0.07279474120170977,0.030980693944381354,0.014870625979435212,-0.059759559416220076,0.013908239492403524,0.4547281039996769,0.2657875754503204,0.022087780889400905,0.2573965396606018
2013-07,3000.0,0.09032026737407216,0.07102438830315651,-0.0036626622808633292,0.07424630975050249,0.032338191587355195,0.013042312516439544,-0.06164473806758029,0.016264233963785527,0.46416446414657087,0.24396943937489637,0.02023623109148305,0.27162986538704975
2013-08,3000.0,0.09146103134608136,0.07203728502134076,-0.003822510736865746,0.07489153315518943,0.0328191966496449,0.013395450324904301,-0.0624643454333022,0.016249698458752973,0.46712893382452725,0.24448332307306608,0.019501419147015652,0.26888632395539097
2013-09,3000.0,0.09285686515534633,0.07437150175209248,-0.0026317844534746193,0.07533644293235234,0.0328736088087672,0.014388245405513346,-0.06261504080005376,0.015353186585773206,0.467481447476022,0.2524418394293211,0.019383160553798438,0.2606935525408586
2013-10,3000.0,0.093604445923573,0.07645643537801124,-0.0008654429351620345,0.07525522505930037,0.03249178006714236,0.015343769521580591,-0.06197810879159268,0.01414255920286972,0.46512138263460023,0.262617357398803,0.01995145582096892,0.2523098041456278
2013-11,3000.0,0.0943452180485806,0.07748169036270365,-0.0002904064949820214,0.0755751519559653,0.032567304580513726,0.01570377689463677,-0.0620683199630489,0.01379723848789842,0.4656440545951112,0.2654174637590736,0.019863834028874212,0.24907464761694104
2013-12,3000.0,0.09440058236513385,0.07729861247309229,-0.00045382285168543577,0.07566190123697622,0.032673764059254616,0.015571794167213056,-0.06218064115756467,0.013935082931096986,0.4665701124797705,0.2638399424353159,0.019758717699652137,0.24983122738526153
2014-01,3000.0,0.09242769050069012,0.07566502657748722,-0.0008867563545601339,0.07387397179722299,0.03215770737048007,0.01539504344727717,-0.061156739484770184,0.013603988667012942,0.4639779471065403,0.265358451513111,0.020683896723670242,0.24997970465667854
2014-02,3000.0,0.09040273906723897,0.07440912641574504,-0.0002070854588516362,0.07221326539476539,0.031198227712514535,0.015204615061020603,-0.05941159681357607,0.013008754040040947,0.45852361452750334,0.2690484224555437,0.022369184282576518,0.25005877873437643
2014-03,3000.0,0.09219842677799006,0.07523836350592654,-0.0010497302926292858,0.07365223130353349,0.032188603954284856,0.015228540682221334,-0.06105955311633449,0.013642408479828283,0.46473633624631355,0.2640490241762988,0.020763535008451788,0.25045110456893604
2014-04,3000.0,0.08972076145879745,0.07186167690727789,-0.0022417149327223504,0.07239257483915346,0.031787436890670845,0.013928352339151281,-0.06017503950084896,0.014459250271026847,0.4631194251738718,0.2553619984350392,0.021597316672522984,0.25992125971856606
2014-05,3000.0,0.08674601741224618,0.0678900948005065,-0.0027652557578743153,0.07074771481317858,0.031091374595231938,0.012235451983492268,-0.05841989857488855,0.015093071996164345,0.4606895699031106,0.24572024620989488,0.023313097482293908,0.27027708640470055
2014-06,3000.0,0.08524392613839733,0.06637982917414374,-0.0032660189367106295,0.06976402566766576,0.030713485627523282,0.011849388663269692,-0.05779645944758468,0.015233585156791712,0.458199112948916,0.24432531657295478,0.02397405805986349,0.2735015124182657
2014-07,3000.0,0.08657328474241556,0.06933251561382299,-0.0016444963820002475,0.06975068088192501,0.030570288528374734,0.013329519399782164,-0.05764749259604107,0.013747684667884189,0.4573537556142675,0.2574343843226163,0.024164013225692015,0.261047846837424
2014-08,3000.0,0.08551038790944519,0.0686366784023695,-0.0011285449798219356,0.06878533155184775,0.030059424688485062,0.013185715181409374,-0.056579508200782065,0.013334368330887622,0.4549311969775581,0.2592231330862303,0.025334871387520583,0.2605107985486909
2014-09,3000.0,0.08677769031662617,0.07095104207252538,-0.0002565147553709725,0.0690748829954915,0.030140915159308154,0.01431426691520736,-0.056893289912688993,0.012438107838173479,0.4546938834005005,0.2682902635411344,0.024990212287998272,0.2520256407703669
2014-10,3000.0,0.08562195907428324,0.07142965597351515,0.0012236937043953137,0.06750856244858437,0.029175991274088722,0.01498368817332063,-0.05522227409579921,0.01106259464838985,0.4484643888140876,0.27943019383578105,0.02691150163713311,0.24519391571299817
2014-11,3000.0,0.08572194695426968,0.07285653186229951,0.0023019324223459503,0.06690098400719982,0.028776598142740945,0.015911183050770772,-0.05464341638918279,0.009955635195671081,0.44498764850490113,0.2898024128829171,0.027587958038107315,0.23762198057407452
2014-12,3000.0,0.08758765007735686,0.07652912668920497,0.003954307492046236,0.06700516444685059,0.028818587900992197,0.01776006451284031,-0.05481475468431843,0.008236102270485927,0.4431067592135694,0.3064925002868962,0.02727669422745859,0.22312404627207583
2015-01,3000.0,0.08568089848182464,0.07758523474779618,0.005996635182132363,0.06447565973050548,0.02724629144625998,0.019150627712231513,-0.0524379718534323,0.006041052694940818,0.4297548410990107,0.328113456100079,0.03017678134756338,0.21195492145334688
2015-02,3000.0,0.08583517437467869,0.07953536090196897,0.007585321810936078,0.06380003610947803,0.026646201075413253,0.020346387602703533,-0.05160365148832936,0.004611062810212591,0.4230136494833222,0.34289033204172464,0.03115815560113784,0.2029378628738153
2015-03,3000.0,0.08623146246227129,0.0792271493064122,0.007013471093016848,0.06421284220349001,0.0270602311959737,0.020055918040114612,-0.052157760173280734,0.005041610937192423,0.42678475713193925,0.3379178096790631,0.030437642792607883,0.20485979039638977
2015-04,3000.0,0.0838990425784568,0.0747345140411555,0.0047939572613986126,0.06344303687173217,0.02718140489027103,0.018016876352969724,-0.05192368042678716,0.006725399183546393,0.4321472660581335,0.3183916214967749,0.03093629984139058,0.21852481260370096
2015-05,3000.0,0.08540514668661014,0.07653805754262423,0.004713674313212705,0.0644351328503015,0.027632143838423003,0.018765054694437087,-0.053059328534974436,0.0066621300021143595,0.4330710853256722,0.3222514836164325,0.02940562957307362,0.21527180148482158
2015-06,1000.0,0.08574044616211399,0.08599080743644782,0.01161998890910622,0.059473654346913284,0.025034221948468653,0.02528458322280249,-0.049086235304539115,-0.00123256986673205,0.39847999788347904,0.40181937802919243,0.03368239829153626,0.16601822579579237
2015-07,1000.0,0.08046166110863749,0.07844666060744689,0.010001799953381265,0.05681312386590327,0.02403084972479526,0.022015849223604653,-0.046429011430460965,0.0003823124820610396,0.40238854930180346,0.3762491206803623,0.03842683808224217,0.18293549193559194
2015-08,1000.0,0.08025567619160809,0.07851545766254589,0.007921269712431508,0.056518698220042476,0.0244529007449511,0.022712682215888902,-0.04788150573422548,0.0007159227733854884,0.40214889858293035,0.3794850227159429,0.036077721139788584,0.18228835756133824
2015-09,300.0,0.060822355956942624,0.06355042691217996,0.00980379853448464,0.039329302291348456,0.017445885033203705,0.020173955988441045,-0.03357267238925428,-0.004047168632390463,0.36149895839539553,0.3959131459391699,0.06599906528023997,0.17658883038519457
2015-10,300.0,0.04126632559926361,0.05055515075358323,0.016154618699277597,0.02494679729229026,0.008035602513159934,0.017324427667479554,-0.01707610438682608,-0.008283925793813415,0.2961794616367425,0.4036681239775231,0.12824066107259066,0.17191175331314382
2015-11,300.0,0.03975441191070932,0.048623753836325216,0.014823487177438569,0.024382318746249097,0.00785841899302877,0.01672776091864467,-0.01707250574024198,-0.00751367417143145,0.295976477035642,0.3977901928098173,0.1289273615811598,0.1773059685733809
2015-12,300.0,0.03936970522781419,0.04490610330125191,0.010982432031315485,0.025480378644388943,0.009185050426621554,0.014721448500059273,-0.01920222276987715,-0.004704276156803692,0.3105323170156998,0.3734688418375296,0.12054770137607236,0.1954511397706985
2016-01,300.0,0.04482194070850333,0.04695482604951849,0.007554095531711234,0.030764217335394133,0.01229817080222153,0.014431056143236691,-0.024969674374570566,-0.001759552570887668,0.33463857385952117,0.3592962450916318,0.09662036719438145,0.20944481385446556
2016-02,300.0,0.042036804640144865,0.03847958693839959,0.002694209655684018,0.030035352603294117,0.013725316180764217,0.010168098479018943,-0.02561727880369663,0.00172386414391347,0.35361791960464467,0.31407854052850287,0.09527783233147934,0.2370257075353732
2016-03,300.0,0.03385103355658725,0.0381971580510668,0.010635408825072468,0.023950656417741356,0.007192469343970283,0.01153859383844983,-0.0160231553875445,-0.0027079077948756122,0.29975687513278654,0.34648604593599525,0.13825745626519573,0.21549962266602254
2016-04,300.0,0.034126106292558966,0.035536728845102464,0.00771120115537491,0.025406387852498692,0.008431000256175207,0.009841622808718704,-0.01798390488100885,-0.0002887181838850672,0.31147868551374897,0.32647444049230945,0.12913186255933035,0.2329150114346114
2016-05,300.0,0.02889565168599017,0.0204817101075504,-0.001904243436777453,0.02511501440799277,0.010748618494801198,0.0023346769163614285,-0.020051276627966425,0.006967981216803799,0.3338642959132535,0.25221197169899684,0.11959026477423629,0.2943334676135133
2016-06,300.0,0.024339323718202598,0.016731552221609103,-0.0008072659149346347,0.02159844930855826,0.008873808884843766,0.0012660373882502716,-0.016272780748293466,0.00613293447519943,0.32039219353560106,0.24862692181854623,0.13856315240056813,0.2924177322452846
2016-07,3000.0,0.07314064280472365,0.05642559100856001,-0.003774076983152446,0.059634210598513045,0.026784050947562588,0.010068999151398944,-0.050130668840313516,0.013277618741351978,0.4371909717206521,0.2504355777142687,0.03366794214439942,0.27870550842067965
2016-08,3000.0,0.07511158045690831,0.059502413939138236,-0.0025229346343340086,0.060544653295252625,0.026952652192667022,0.011343485674896944,-0.0506818628985753,0.012385725031011333,0.4376611270259551,0.2601190413938028,0.032905103214075214,0.2693147283661668
2016-09,3000.0,0.07393653344245672,0.057467771623367914,-0.00343416070348424,0.06031090881524151,0.02686627014806125,0.01039750832897244,-0.050504423997879716,0.013240645520846035,0.43699367880609985,0.2523860860880258,0.03314512317119146,0.2774751119346828
2016-10,3000.0,0.07509979744629418,0.0558915119013001,-0.006367689812820557,0.06196239055080886,0.02845329492489853,0.009245009379904454,-0.053014192334216205,0.015315888029413215,0.4466888570315756,0.23547060782521997,0.029555781446031732,0.2882847536971726
2016-11,3000.0,0.07424062613035091,0.055711058238857775,-0.005902892256155,0.0613808680502657,0.027883211089521076,0.009353643198027936,-0.05226030729698484,0.015023453009435861,0.4425282020014886,0.2386151332172868,0.030601639405619448,0.2882550253756052
2016-12,3000.0,0.07727023321805668,0.056100258820158073,-0.008130701805451591,0.0645112775875765,0.029832466262971764,0.00866249186507316,-0.055568468760536505,0.01707351063249158,0.4534345403156762,0.22389677115547263,0.026315367436776607,0.29635332109207446
2017-01,1000.0,0.06823699694027847,0.044395585523662816,-0.011534709127627512,0.06003420790008145,0.02795397663117967,0.004112565214564011,-0.051817729436726315,0.019751187590982648,0.43811741368449664,0.19790225126973535,0.030674450391695633,0.33330588465407235
2017-02,1000.0,0.06829243953736208,0.041347530974622584,-0.014017824699771319,0.06126752031104101,0.02907002300654849,0.002125114443808994,-0.053240241230584906,0.02204510378022742,0.44191424342160734,0.17999916735741753,0.02842987046216574,0.34965671875880927
2017-03,1000.0,0.0653351280551334,0.03525083462209351,-0.017009149736864924,0.05940040342303988,0.02959082396428294,-0.0004934694687569532,-0.05275345382771539,0.023656099332189415,0.44412429746610854,0.16292576887453572,0.02853967466639653,0.36441025899295915
2017-04,1000.0,0.06910195079361531,0.04656192280547507,-0.009019961496152144,0.05836651492199453,0.027849344037382116,0.005309316049241876,-0.05027256825238534,0.01711390816576134,0.44545642034278554,0.21013814629857663,0.03295146354904409,0.3114539698095937
2017-05,1000.0,0.07280680249291746,0.053195531413740074,-0.005966555126368871,0.059658755148906034,0.027883169010618783,0.008271897931441397,-0.05089018860866755,0.014735121666607356,0.44689758331291635,0.23243727699918515,0.03234795683851598,0.28831718284938257
2017-06,3000.0,0.08255088448350971,0.06302373848129185,-0.004619709126637382,0.06668088289884144,0.030641935299258308,0.011114789297040448,-0.05652865831088878,0.014771933714590041,0.4617916652889146,0.24085834526648192,0.025265185850750507,0.27208480359385295
2017-07,3000.0,0.08088210761421132,0.06267552808496443,-0.003790984468631854,0.06525928408641693,0.029625623784971113,0.01141904425572423,-0.055047468297872056,0.014002800257176727,0.4548401034991192,0.2479085559098656,0.0270451998152096,0.2702061407758056
2017-08,3000.0,0.07999272714793038,0.06292685873290646,-0.0029940932020476097,0.064161162983094,0.02897106323245957,0.011905194817435655,-0.054015757117518416,0.013139499067623198,0.4506499356585419,0.25514411993618313,0.028345364220059434,0.26586058018521536
2017-09,3000.0,0.07896382445965937,0.06206272293211475,-0.0029986000932161593,0.06338125616280142,0.028611523594319524,0.011710422066774903,-0.053350900958556005,0.013028955297461578,0.4485839532274354,0.25537314767196934,0.029195512975259047,0.26684738612533626
2017-10,3000.0,0.07754885645497411,0.05956831151478144,-0.004517267837870418,0.06306848382035825,0.028631760466913278,0.010651215526720603,-0.05343436382593125,0.014151387832297413,0.44819842901492873,0.24613608111607727,0.029069763524169418,0.2765957263448247
2017-11,3000.0,0.07903746051290736,0.06072573640351113,-0.004121796500105138,0.0641912680501448,0.029079293396292824,0.010767569286896594,-0.05407996361671967,0.014233100933530266,0.45140099530975314,0.24517328976218525,0.02822987559879892,0.27519583932926284
2017-12,3000.0,0.07675821579445137,0.059237049265198155,-0.0034217365207054296,0.062431841039282086,0.02800687339989482,0.010485706870641605,-0.05217307891526198,0.013680498644725536,0.44503518804795844,0.24817011758234772,0.030737649648677274,0.27605704472101655
2018-01,3000.0,0.07884489170668485,0.06024899486500361,-0.004573773948513813,0.06435273309671699,0.02912668027671194,0.0105307834350307,-0.05429198537848672,0.014634521666744081,0.4510796511586406,0.24268898002667738,0.027966902166711587,0.2782644666479705
2018-02,3000.0,0.08477647433946504,0.06600527443332373,-0.003977329455833474,0.06839019508907651,0.030977820737957094,0.012206620831815777,-0.057775983057341426,0.014591541487568561,0.4616969119550597,0.2469539735915151,0.0239615033289544,0.26738761112447085
2018-03,3000.0,0.08396981615500665,0.06579098305819377,-0.0036045280474200233,0.06770880746642026,0.030503546496956496,0.012324713400143614,-0.057070797705470175,0.014242537808370107,0.4584855034921593,0.2501266953075954,0.02474896988157178,0.2666388313186735
2018-04,3000.0,0.08243430800093336,0.06460144312321214,-0.002991537921771184,0.06666671521021732,0.02975657589778545,0.011923711020064232,-0.055669270024919094,0.013988983107069405,0.454323717284717,0.25073112463184827,0.02634508632047342,0.2686000717629612
2018-05,3000.0,0.08153535802644248,0.06276679721817435,-0.003701491803559144,0.06633610258377481,0.029801166520234353,0.01103260571196623,-0.05543568330976727,0.014601911077566691,0.4554149169291893,0.24361526915894638,0.026575256632347326,0.27439455727951695
2018-06,1000.0,0.0725846809253366,0.05270960793760991,-0.005056310027078556,0.061028504617705606,0.027268060061943204,0.0073929870742165185,-0.05037293089047195,0.015711883754312213,0.44032731079131726,0.22701495709623304,0.03309841204561737,0.2995593200668324
2018-07,1000.0,0.07125640852760107,0.05288842341506991,-0.0031533028950787778,0.05933861695809228,0.026173872026179948,0.0078058869136487935,-0.0482358393964999,0.014256080456671164,0.43516167442288173,0.23591025492489476,0.036430047441668244,0.29249802321055524
2018-08,1000.0,0.07140061805326423,0.05172808422966197,-0.0037991051372642803,0.05984635072345877,0.02660663108598406,0.006934097262381804,-0.04859309210454445,0.015052363756178605,0.43841454294983523,0.22755996371209716,0.03574846989865157,0.2982770234394159
2018-09,1000.0,0.0746942792134972,0.05666020390613044,-0.0019283875169832888,0.06132209838169258,0.027007230717412962,0.008973155410046209,-0.04961543601306752,0.013635049885608347,0.4412473958799431,0.24188680358933373,0.034312743491141474,0.2825530570395817
2018-10,1000.0,0.08397298242746618,0.06858209364342967,0.00046876952196685056,0.06622847685963087,0.029159901814342783,0.013769013030306275,-0.05434431109115654,0.011415396246507482,0.45166955778602985,0.27040510393581274,0.02792373606367437,0.2500016022144831
2018-11,1000.0,0.08487465339739675,0.06869009665699105,-1.7935968623570197e-05,0.06667120363797333,0.02982014896646236,0.013635592226056661,-0.055072440399557956,0.011616699207038936,0.45721013307666775,0.2665755972420736,0.026987940447732915,0.24922632923352592
2018-12,1000.0,0.08297448620819968,0.07392640446420745,0.004319776547043413,0.0630737631812954,0.02690087860801319,0.017852796864020963,-0.05175383105314307,0.007000155581108912,0.42966012404130755,0.31779030980314604,0.03122349422816171,0.2213260719273847
2019-01,1000.0,0.07522095702906428,0.0648536236924972,0.004368693752464594,0.057826538258191625,0.02465350384600986,0.014286170509442774,-0.046198759430589834,0.0072590850751372005,0.4233575336769308,0.29965723679274703,0.039903935219857745,0.23708129431046446
2019-02,1000.0,0.0639409601256484,0.06337574668019284,0.012224847052388832,0.047093398650623716,0.01728222199843496,0.016717008552979404,-0.034433891074824606,0.00043466052341027683,0.3662984149179079,0.35946179334725986,0.06533826854879501,0.20890152318603722
2019-03,1000.0,0.058820205854113336,0.056095291919948206,0.010209507936641736,0.04414986753763457,0.016501487542028875,0.013776573607863746,-0.032109210375442725,0.0018311492255501105,0.36707578823537435,0.3352035199899097,0.07261792098836227,0.22510277078635346
2019-04,1000.0,0.05592571386978319,0.05066021432677228,0.007730576612558639,0.04324144022456766,0.016536227611362753,0.011270728068351839,-0.0316589096458618,0.003851953966147223,0.37108303667407905,0.31134736080314523,0.07443462927907907,0.2431349732436967
2019-05,1000.0,0.05256268023419963,0.049323816289724765,0.008323691716236536,0.04011829565817327,0.014980559259616083,0.011741695315141215,-0.029258429258347013,0.0025361746835897217,0.35881027414834354,0.32209020080579054,0.08211829370991397,0.23698123133595186
2019-06,1000.0,0.05465276899741402,0.052353596916908926,0.010985499186153954,0.041312824212017527,0.014826596669290412,0.012527424588785321,-0.02884067314196965,0.0014866518838939219,0.35707536496021985,0.3307318070957793,0.08329355751750729,0.2288992704264936
2019-07,1000.0,0.05324403050729849,0.0507891738413306,0.010103735150625442,0.040317847201466805,0.014630333832118161,0.012175477166150271,-0.02850996152455489,0.0017041505262864742,0.35602756729017193,0.32805445256731147,0.0845208558616341,0.2313971242808826
2019-08,1000.0,0.051023683315784774,0.04853206465194363,0.009453684502805962,0.0390027457711738,0.014020638755357737,0.011529020091516594,-0.027549360057621076,0.00199970121074676,0.352074139548026,0.3240143554238837,0.08807380446127928,0.23583770056681097
2019-09,1000.0,0.0465665516288716,0.044670544667925326,0.009880311193448189,0.03597988389392462,0.012292228782829165,0.010396221821882892,-0.024394011652594243,0.0017055610478821856,0.34062342214616464,0.31976210618315093,0.1002736403141555,0.23934083135652898
2019-10,1000.0,0.04068067821482574,0.040623976323147376,0.01111824734138081,0.031646649053034374,0.009663290481728662,0.0096065885900503,-0.019899140391716266,0.0006292613199372979,0.32140134847090235,0.3207944533716989,0.11997414802670367,0.23783005013069508
2019-11,1000.0,0.036565540577681285,0.02842697329311976,0.0023843872022655905,0.031591878396464934,0.011823345710298392,0.0036847784257368656,-0.022357807665117302,0.006849683529082041,0.3413384079418699,0.2602359729527123,0.10923511796069522,0.2891905011447225
2019-12,3000.0,0.06331819171561454,0.04838010641966341,-0.0019371460427373296,0.0524789053153736,0.02275817736363598,0.007820092067684851,-0.042497160394715884,0.011918890963395046,0.413541849584611,0.25134400558952097,0.0469733675038385,0.28814077732202964
2020-01,3000.0,0.06626810742570668,0.05124989509801242,-0.002343093467219515,0.05429175948823775,0.023901440289522347,0.008883227961828083,-0.044709760603403856,0.011925092352053412,0.42041926808414565,0.2548424199351793,0.0427005773375503,0.2820377346431248
2020-02,3000.0,0.06812038809821029,0.05479262785038123,-0.002198004102817461,0.054847921648912154,0.024229654724538738,0.010901894476709674,-0.04608873747648901,0.0109571882752406,0.4202156773099004,0.2694841084848367,0.04031895437132901,0.2699812598339339
2020-03,3000.0,0.07188440112343607,0.06145775366918608,-0.0006179263707643034,0.05611876454617071,0.024673652881428927,0.014247005427178938,-0.047828674612771446,0.008908016304163567,0.4189583811306471,0.2959577390949816,0.0373759457649382,0.24770793400943314
2020-04,3000.0,0.06583843065740162,0.05610208340300763,-0.0016072628673111829,0.051814439272794846,0.02280150804092839,0.0130651607865344,-0.04464418548378442,0.008777516656321614,0.4073262959197358,0.29443835657332473,0.0430096620790113,0.2552256854279281
2020-05,3000.0,0.06756016724111476,0.06533996878231793,-0.006637372749198964,0.05469533665170767,0.022320642259629403,0.020100443800832576,-0.05187689773068432,0.009455811670222317,0.37534043587310373,0.34856573247724587,0.03164506176793937,0.24444876988171102
2020-06,3000.0,0.06887773600069493,0.06351554040910816,-0.007854035695589356,0.05579293743507194,0.023794691463373513,0.018432495871786747,-0.05293708023291077,0.010709892897750525,0.3905764072188203,0.3266482037216966,0.030262154094314066,0.25251323496516914
2020-07,3000.0,0.06798381136576478,0.05832595875357708,-0.008431092768475715,0.055872445873575295,0.024546030559654423,0.014888177947466719,-0.051868873574586076,0.012434665067464934,0.4047124989994186,0.2933154102752743,0.031690389509417834,0.2702817012158893
2020-08,3000.0,0.07136131031420977,0.059425821267243585,-0.009059228279224094,0.058756073110211096,0.02624031621109968,0.014304827164133498,-0.05418022238233418,0.013635079007101009,0.4171513640144496,0.2802268641689289,0.02858163902144225,0.2740401327951793
2020-09,3000.0,0.07080222787501278,0.057100547333976945,-0.009446808096545835,0.0584898787556146,0.026565766407998154,0.012864085866962319,-0.05368326956356046,0.014253417288599975,0.4227182088038834,0.2677310948359132,0.02912910710123289,0.28042158925897065
2020-10,3000.0,0.07826127783550905,0.06402336223364934,-0.009088144362973012,0.0629159060238316,0.02923317740300481,0.01499526180114509,-0.05811624479547726,0.013887805591327351,0.4393461255468079,0.2733328700285883,0.023894304776817896,0.26342669964778576
2020-11,3000.0,0.07812408248416501,0.05677502233491066,-0.011191220588827792,0.06264678829024474,0.03153541435404185,0.010186354204787501,-0.057779888718950956,0.016058120160121578,0.4675662133264596,0.22950059754408908,0.023816156678129648,0.2791170324513217
2020-12,3000.0,0.07878377357392528,0.05824145481253654,-0.010559481555933406,0.06329060370508656,0.031344685940021544,0.010802367178632803,-0.057998569189837146,0.01585151607118282,0.4647380632536892,0.23432990744846363,0.023650054933674645,0.2772819743641725
2021-01,3000.0,0.08112982313980438,0.0626685286697263,-0.00917273552154643,0.06454690495867438,0.03133669282813972,0.012875398358061646,-0.05896586583321109,0.01475377464700972,0.46187622282161267,0.24961518122953072,0.022764712746596853,0.2657438832022598
2021-02,3000.0,0.08137132105149826,0.06132127498505227,-0.009647934544237641,0.06566888282648235,0.03169293497179945,0.011642888905353463,-0.059326320623936446,0.015990496746783545,0.46442951509836866,0.2380486189852188,0.02235018540646317,0.27517168050994933
2021-03,3000.0,0.08478379341138906,0.0605405652329221,-0.01162143143751164,0.07027396607171635,0.0337895700917601,0.009546341913293142,-0.06261565475714059,0.019279742752087388,0.4756382278595394,0.21199229587756882,0.01912793907055129,0.2932415371923405
2021-04,3000.0,0.08375881652701597,0.056343449818263405,-0.01433819952966678,0.07110723436125355,0.03454099123279943,0.0071256245240468655,-0.06355602482388333,0.021889409067037006,0.4773480372614664,0.1914066659501843,0.018144097976569996,0.3131011988117791
2021-05,3000.0,0.08659000127001953,0.04950174220244487,-0.01864698322398378,0.07573610960086997,0.03829478380768189,0.001206524740107226,-0.06694220068632142,0.027440892138532333,0.49582317835558437,0.14401883154762998,0.014854753050550071,0.34530323704623567
2021-06,3000.0,0.08317445803032435,0.043413573300379496,-0.02128827821957036,0.0744955798012514,0.038225624802228124,-0.001535259927716727,-0.06623711144766659,0.029546746573155182,0.488940133778585,0.12991458964943278,0.015031512756568695,0.36611376381541355
2021-07,3000.0,0.08012813559176342,0.04352680833447063,-0.019906956808490237,0.07150624499344473,0.036314577563966284,-0.0002867496933265032,-0.06372051483628738,0.02769268696564759,0.4805234906234833,0.14185875410664778,0.017122151509150682,0.3604956037607182
2021-08,3000.0,0.07834114393943245,0.04362051544002263,-0.018564859263843856,0.06951219811106217,0.035113894382764105,0.00039326588335428236,-0.0617921088205122,0.026284948554393825,0.47643537625021226,0.14975158314547324,0.01884282086535219,0.3549702197389622
2021-09,3000.0,0.07996401740091418,0.04696424462214429,-0.017629820713943183,0.07028385301220624,0.0350684438205838,0.0020686710418139145,-0.06252539429427356,0.025388279431875868,0.47715888839695264,0.15883359928450258,0.018443676924471283,0.3455638353940734
2021-10,3000.0,0.07776416638049263,0.04463816542738826,-0.01767015672959029,0.06890193777930476,0.03435563816609379,0.0012296372129894165,-0.06107868494398913,0.025493409564905915,0.47231251743118596,0.15656023872741265,0.019618966482514273,0.3515082773588871
2021-11,3000.0,0.08089387221732973,0.04956317254735393,-0.01661356551203333,0.0698356243791907,0.03497409630936947,0.00364339663939367,-0.06253334141999359,0.023915848471230447,0.48021996332736333,0.1689981216223142,0.01861553284765866,0.33216638220266387
2021-12,3000.0,0.07730932527190579,0.045055946601781416,-0.01679420368204278,0.06786016648202953,0.0339515166034873,0.001698137933362931,-0.06015201235046126,0.024502357813611042,0.47292708466607375,0.1613907751876629,0.02053553752493874,0.3451466026213245
2022-01,3000.0,0.07805873604951691,0.04697903505582081,-0.01581502192215375,0.06824042518015436,0.03369294245868233,0.0026132414649862323,-0.06018081551298833,0.02387463158931978,0.4718060646351725,0.16743211541596162,0.020644372320625954,0.3401174476282399
2022-02,3000.0,0.07680150837262542,0.04735623940361834,-0.014553297536184959,0.0670867656561643,0.032628704398569644,0.0031834354295625644,-0.058726101510240734,0.02291396168210852,0.4660460126724917,0.1746485036061429,0.022178518203903593,0.3371269655174618
2022-03,3000.0,0.07195513451416503,0.040790030896424356,-0.014821211709405067,0.06471367645698257,0.03129572697462331,0.00013062335688263094,-0.05548061924894679,0.02405426891744085,0.4556135441553957,0.16122617165038708,0.02525691766638118,0.35790336652783616
2022-04,3000.0,0.07220696461088566,0.045268992045930635,-0.011389890851232523,0.06374284800734695,0.029749736157652987,0.002811763592697962,-0.053847119304465195,0.021285619554114274,0.449799236783577,0.18325322213773493,0.027722365162264152,0.339225175916424
2022-05,3000.0,0.06943005454430493,0.0457364033176098,-0.0071300136650303495,0.06087080655566334,0.027203241856167994,0.0035095906294728696,-0.04935682635316728,0.01864399386752641,0.43789570413485573,0.19877874845427962,0.034123233614865627,0.32920231379599896
2022-06,3000.0,0.06518513560402803,0.04609105872934334,-0.0022932972860785386,0.056026471729423405,0.023932793409848968,0.004838716535164281,-0.043545639480257595,0.014774129535244346,0.4216663978235003,0.2231279214461856,0.04447527330112888,0.3107304074291852
2022-07,3000.0,0.05855014153093263,0.04158201049292014,0.0011458898397814004,0.050732127892957175,0.020547599091784795,0.0035794680537723014,-0.036856652599366435,0.012729585453809339,0.4022247554529971,0.22847039912171646,0.059354976594792073,0.30994986883049447
2022-08,3000.0,0.05739986271633443,0.04453662910788063,0.004624436616370816,0.04816772019095067,0.018717700558450297,0.005854466949996494,-0.03405772554151332,0.009485558033066534,0.3908386650329352,0.25455588512940325,0.0672968872306269,0.2873085626070346
2022-09,3000.0,0.05789215700653594,0.05006648359680533,0.010091960426269728,0.046312575584894544,0.016801362852909556,0.008975689443178947,-0.030998833727356654,0.005221781431268162,0.3768724407161603,0.2903395198645191,0.07659768777964487,0.2561903516396757
2022-10,3000.0,0.052417717617953635,0.045033925207141515,0.01142508835371596,0.04191287590201538,0.01472031584774701,0.007336523436934889,-0.026272313416490667,0.004215474131808755,0.36477501901565623,0.2851896403112864,0.09302421185578287,0.2570111288172746
2022-11,3000.0,0.053038828583459305,0.04658445107762392,0.012830861588033383,0.04192978706643957,0.014442846504570256,0.007988468998734871,-0.025765120490855664,0.0033338049875505232,0.3624861506675526,0.2923174448475997,0.0948902254598573,0.2503061790249904
2022-12,3000.0,0.05711544614428228,0.052848065694623,0.01404254100425432,0.04377260899805234,0.015170780683979299,0.010903400234320015,-0.027902124456048664,0.0018279435377493575,0.36412379102865344,0.3158438292138867,0.08663729580888384,0.23339508394857603
2023-01,3000.0,0.06163288760671225,0.05511105380983562,0.01256343115856325,0.04716818019124448,0.01751399941512334,0.010992165618246716,-0.03155545703302566,0.003049291999655576,0.3821331851193226,0.307469144797642,0.07444947085481221,0.23594819922822324
2023-02,3000.0,0.05946540655904384,0.05505132687744115,0.014624476771687062,0.04479311507214545,0.015981825238964457,0.011567745557361772,-0.028859104548392318,0.0013095337520660708,0.3702763628567768,0.31961388698192383,0.08305906605254355,0.22705068410875584
2023-03,3000.0,0.06476641803791983,0.05852052654254903,0.013172901198514513,0.048940005917951536,0.0184164551136861,0.012170563618315304,-0.033177061725719215,0.00259004299371781,0.3874162632206214,0.31460042682559763,0.06938813141967803,0.228595178534103
2023-04,3000.0,0.07280188835544182,0.06542787483289823,0.01190248170116967,0.054941313387806515,0.021533498786112756,0.014159485263569166,-0.0393659078681594,0.003672923818477447,0.40571497149432073,0.3173008640283715,0.05328584110606978,0.22369832337123802
2023-05,3000.0,0.07157134522983155,0.06248896641704286,0.0101912836602581,0.05459708336571196,0.02185917556162044,0.012776796748831747,-0.03952088600795301,0.004884913697500846,0.4105194717825223,0.30328634784994757,0.053059891813135834,0.23313428855439433
2023-06,1000.0,0.07183433609887116,0.0715115221091111,0.023124294421061196,0.050907574176387076,0.017489904397513523,0.017167090407753466,-0.03122013728029644,-0.0034368575249705616,0.37254070574965187,0.36855348468213117,0.07345538779054941,0.18545042177766757
2023-07,1000.0,0.07616083173561843,0.07253526923854091,0.01928490693724633,0.055390996002882525,0.02031783075704638,0.016692268259968862,-0.03655809404132572,-0.00045200497568952114,0.3942031092642585,0.34932900958057056,0.05920477055079723,0.19726311060437354
2023-08,1000.0,0.07557907069116937,0.07236529673769979,0.01984664460442242,0.05508557881536769,0.019859922979004553,0.01664614902553497,-0.0358725031077424,-0.0006335688967971237,0.39070482735650197,0.3510141581268377,0.060959202041368524,0.19732181247529187
2023-09,1000.0,0.06780873323391468,0.06638866704709642,0.01957938491021889,0.049814987544034746,0.01691079005009849,0.015490723863280237,-0.031318558273597294,-0.0010829556397814397,0.36995214697935297,0.35284826672687253,0.07412321089202384,0.2030763754017507
2023-10,1000.0,0.06633748587638481,0.06408202482281551,0.020094882254887023,0.04883542007664944,0.016500032618700616,0.014244571565131314,-0.029742571002797175,-0.001002033181034756,0.3704186330292879,0.3435909227000607,0.07929806171789826,0.20669238255275313
2023-11,1000.0,0.07068471325022019,0.07033803945880408,0.022567833780343667,0.051592445513515495,0.016888955249499335,0.01654228145808323,-0.031227924220377186,-0.0022033124872053583,0.3678077642299098,0.36358191735651696,0.07397035756755707,0.19463996084601629
2023-12,1000.0,0.07267390078260942,0.07169688819609961,0.023072969625632225,0.05366203792590768,0.01739745165004719,0.01642043906353738,-0.032203479506930005,-0.0016144112066545507,0.37175108571820775,0.35983925566024194,0.07115496711652207,0.19725469150502822
2024-01,1000.0,0.06676444362276682,0.05979343960847097,0.016808194774017304,0.051453174313136174,0.018059630543169003,0.011088626528873158,-0.03189661830558051,0.00274836123353836,0.3872851756276172,0.30698365622296503,0.07325547686788533,0.23247569128153248
2024-02,1000.0,0.06761632434546577,0.06281646213942067,0.018499311437272476,0.05153318645861596,0.017500003250272053,0.012700141044226954,-0.03161700965792125,0.00141686536342224,0.37998428204027185,0.32380273311062724,0.073913546908473,0.22229943794062784
2024-03,1000.0,0.06842736876482722,0.05763591177039071,0.01274903129628993,0.053661749553432184,0.020308853418592204,0.009517396424155694,-0.03536948404994508,0.00554323420719717,0.4056024872467265,0.2830598477334901,0.0633977899649562,0.2479398750548274
2024-04,1000.0,0.06926548023039672,0.05985477742697543,0.013750154736580377,0.05362909084003938,0.020140604421898745,0.010729901618477457,-0.035374721071917595,0.004504215031541407,0.40294923997495896,0.2944533260607809,0.06332623820170741,0.23927119576255282
2024-05,1000.0,0.0689424835295736,0.059599978647547756,0.013768597179232537,0.05405409067800386,0.01985119602098416,0.01050869113895831,-0.03532269032935691,0.004962803169414415,0.3999751130226855,0.29294518169688133,0.06357833595738309,0.2435013693230502
2024-06,1000.0,0.07069447399184549,0.06148139143946128,0.014088449680989885,0.055214928106628494,0.020324663187114206,0.01111158063473,-0.0362813611237414,0.004845117301897212,0.402571104041638,0.2961212460577598,0.061007954678218394,0.24029969522238384
2024-07,1000.0,0.08243574602776121,0.07022305996621765,0.011722571211038865,0.06315706981507019,0.025551134272739237,0.013338448211195675,-0.04516204054398311,0.006272458060048211,0.4374089887935233,0.29113268433217687,0.041419957559060964,0.2300383693152388
2024-08,1000.0,0.07888859940222048,0.06999199324110972,0.013743400635023995,0.060233806101496895,0.02317414955725771,0.014277543396146945,-0.04197104920993878,0.0045193562565341225,0.4176508679669686,0.31047155929726883,0.04761458937937475,0.2242629833563879
2024-09,1000.0,0.08482222183484583,0.07703216467683954,0.014766014469050572,0.06369866223953248,0.02474245602977873,0.01695239887177244,-0.04531375133601653,0.003618896434465377,0.4232550052521987,0.3264596229526894,0.04096704383230309,0.20931832796280875
2024-10,1000.0,0.08793505270907055,0.08574225967586999,0.018893555041293794,0.06371138076349324,0.02386449066163865,0.021671697628438083,-0.04517700700613811,-0.00035918128393866433,0.403938254367163,0.37546637857622867,0.04044240143129185,0.18015296562531644
2024-11,1000.0,0.07635457991708869,0.0687015776471801,0.01307000894732157,0.0579136213215363,0.022344632958807023,0.014691630688898435,-0.040939938010960096,0.0039036743632546375,0.4103501560946285,0.31795528472027645,0.04977561151586432,0.22191894766923073
2024-12,1000.0,0.07472426671839535,0.06310347407892489,0.00846805858522314,0.05805303092873968,0.02363705914057459,0.012016266501104121,-0.042619148992597625,0.006965823350918915,0.42330303998364854,0.28735792796010345,0.046504452375697426,0.24283457968055064
2025-01,1000.0,0.07275032853283844,0.058933502612156616,0.006507746732567141,0.05737979185268653,0.023857486100276257,0.01004066017959443,-0.042385095699995046,0.008486949420124346,0.4273639734990827,0.2696366152546038,0.04697192050400304,0.2560274907423104
2025-02,1000.0,0.07308528896482125,0.05962482378868749,0.005849180492486111,0.057770631107164634,0.024002807876531376,0.010542342700397618,-0.04323330059580376,0.008688150018874762,0.4264389256380656,0.27226802990513055,0.04534344129517521,0.25594960316162857
2025-03,1000.0,0.07237312073053202,0.06127588498354194,0.006977735459973381,0.056870759899932184,0.022998745462037146,0.01190150971504706,-0.0423966398085215,0.007496384631437307,0.41661189097171303,0.28779465233204105,0.04710169066651354,0.24849176602973225
2025-04,1000.0,0.07679896200183269,0.06762963495302399,0.007346418210772412,0.059054579921895445,0.024091563229951554,0.014922236181142856,-0.04536098056110872,0.006347181150014314,0.41860020295732825,0.30836127300778243,0.04134003917259174,0.2316984848622976
2025-05,1000.0,0.07489892999253134,0.06579179949098626,0.007525146674325616,0.05767729024426031,0.023425638392005455,0.01431850789046038,-0.043948144926200264,0.006203998643734429,0.41541037400273423,0.306646576537449,0.043968528093271834,0.23397452136654506
2025-06,1000.0,0.07904658776789827,0.06760975840693041,0.006161562360050419,0.061217620814738805,0.025537705430493794,0.014100876069525932,-0.04734731997735406,0.0077087384773343245,0.4304680878257705,0.2940193400303963,0.03791596812926331,0.2375966040145698
2025-07,1000.0,0.07415439496765298,0.06215101467522388,0.00600959834094927,0.0580238383805425,0.024069683376560826,0.012066303084131723,-0.04407511325014289,0.007939126789450343,0.42417792138729454,0.28430292775233884,0.04375735759381436,0.24776179326655223
2025-08,1000.0,0.07600851648744147,0.06299585102587074,0.00523987056834074,0.059628060706898176,0.025040441790303694,0.012027776328732961,-0.04572820412879704,0.008659986009760395,0.4306923298026774,0.27911907079988985,0.04070858969728395,0.24948000970014886
2025-09,1000.0,0.07402572297199415,0.06101931191134769,0.005163433942759422,0.05819092018691377,0.024425875718740393,0.01141946465809393,-0.04443641331049434,0.008591072933660009,0.4275675968754109,0.27715179760135245,0.0430646624007483,0.2522159431224883
2025-10,1000.0,0.06468394397454028,0.05451364274060066,0.005934937735635186,0.051261763238217274,0.020585372052291925,0.010415070818352308,-0.038163634186613164,0.007163191315968924,0.4011460518050863,0.28580665159601853,0.05660092749977779,0.25644636909911744
